subnets,snets,snets,,10,subnets =  snets (snets)  [1]
emailed,emad,emad,,11,emailed = emad (emad)  [3]
emailing,emag,emag,,12,emailing = emag (emag)  [4]
emails,emas,emas,,13,emails = emas (emas)  [2]
workload,rklod,rklod,,133,workload = rklod (rklod)  [3]
workloads,rklods,rklods,,133,workloads = rklods (rklods)  [3]
gamified,gamfd,gamfd,,1374,gamified = gamfd (gamfd)  [3]
gamifing,gamfg,gamfg,,1374,gamifing = gamfg (gamfg)  [3]
gamify,gamf,gamf,,1374,gamify = gamf (gamf)  [2]
ansible,ansb,ansbo,o,12226,ansible = ansbo (ansb)  [2]
ansibles,ansbs,ansbs,,12226,ansibles = ansbs (ansbs)  [3]
automation,otmz,otmz,,12226,automation = otmz (otmz)  [6]
automations,otmzs,otmzs,,12226,automations = otmzs (otmzs)  [6]
containerization,ktnrz,ktnrz,,31584,containerization = ktnrz (ktnrz)  [11]
